movie_ID,Series_Title,Released_Year,Rating,Runtime,Genre,Gross
DOEZ,Lola rennt,1998,UA,81 min,"Crime, Drama, Thriller","7,267,585"
TYBZ,Bonnie and Clyde,1967,A,111 min,"Action, Biography, Crime",
MRLG,The Verdict,1982,U,129 min,Drama,"54,000,000"
UNWD,Fitzcarraldo,1982,R,158 min,"Adventure, Drama",
HPVZ,Freaks,1932,,64 min,"Drama, Horror",
DMIA,Knockin' on Heaven's Door,1997,,87 min,"Action, Crime, Comedy","3,296"
VEXM,Jurassic Park,1993,UA,127 min,"Action, Adventure, Sci-Fi","402,453,882"
ZKCB,On the Waterfront,1954,A,108 min,"Crime, Drama, Thriller","9,600,000"
VFVB,Bound by Honor,1993,R,180 min,"Crime, Drama","4,496,583"
EUKE,Pink,2016,UA,136 min,"Drama, Thriller","1,241,223"
FMNY,The Bourne Supremacy,2004,A,108 min,"Action, Mystery, Thriller","176,241,941"
RMPK,Hana-bi,1997,,103 min,"Crime, Drama, Romance","233,986"
MXZG,Baby Driver,2017,UA,113 min,"Action, Crime, Drama","107,825,862"
TRJP,Life of Brian,1979,R,94 min,Comedy,"20,045,115"
NQZM,Gully Boy,2019,UA,154 min,"Drama, Music, Romance","5,566,534"
GQAC,12 Angry Men,1957,U,96 min,"Crime, Drama","4,360,000"
HFUD,Nightcrawler,2014,A,117 min,"Crime, Drama, Thriller","32,381,218"
IZJX,Midnight in Paris,2011,PG-13,96 min,"Comedy, Fantasy, Romance","56,816,662"
DGAU,Munna Bhai M.B.B.S.,2003,U,156 min,"Comedy, Drama, Musical",
FJZZ,The Last Emperor,1987,U,163 min,"Biography, Drama, History","43,984,230"
VNSE,The Hobbit: The Desolation of Smaug,2013,UA,161 min,"Adventure, Fantasy","258,366,855"
YMWE,The Manchurian Candidate,1962,PG-13,126 min,"Drama, Thriller",
FHLG,The Terminator,1984,UA,107 min,"Action, Sci-Fi","38,400,000"
CTSF,Star Trek,2009,UA,127 min,"Action, Adventure, Sci-Fi","257,730,019"
EXFY,Kumonosu-jô,1957,,110 min,"Drama, History",
DUIM,Amélie,2001,U,122 min,"Comedy, Romance","33,225,499"
ELCR,Mulan,1998,U,88 min,"Animation, Adventure, Family","120,620,254"
LCFE,Waking Life,2001,R,99 min,"Animation, Drama, Fantasy","2,892,011"
YWGV,Gisaengchung,2019,A,132 min,"Comedy, Drama, Thriller","53,367,844"
GESX,Beauty and the Beast,1991,G,84 min,"Animation, Family, Fantasy","218,967,620"
TOMS,Giant,1956,G,201 min,"Drama, Western",
LKTY,Apocalypse Now,1979,R,147 min,"Drama, Mystery, War","83,471,511"
VTDY,Ying xiong,2002,PG-13,120 min,"Action, Adventure, History","53,710,019"
UMNY,Awakenings,1990,U,121 min,"Biography, Drama","52,096,475"
QAPC,Harold and Maude,1971,PG,91 min,"Comedy, Drama, Romance",
LYRJ,Casino,1995,A,178 min,"Crime, Drama","42,438,300"
NSQO,God's Own Country,2017,,104 min,"Drama, Romance","335,609"
WFJZ,"Monsters, Inc.",2001,U,92 min,"Animation, Adventure, Comedy","289,916,256"
TIWG,Klaus,2019,PG,96 min,"Animation, Adventure, Comedy",
PFKE,Once Were Warriors,1994,A,102 min,"Crime, Drama","2,201,126"
RTIM,Once Upon a Time in the West,1968,U,165 min,Western,"5,321,508"
URCC,Indiana Jones and the Last Crusade,1989,U,127 min,"Action, Adventure","197,171,806"
JGAE,Edge of Tomorrow,2014,UA,113 min,"Action, Adventure, Sci-Fi","100,206,256"
VRMQ,Touch of Evil,1958,PG-13,95 min,"Crime, Drama, Film-Noir","2,237,659"
CMVW,Tenkû no shiro Rapyuta,1986,U,125 min,"Animation, Adventure, Drama",
VQOY,The Big Sleep,1946,Passed,114 min,"Crime, Film-Noir, Mystery","6,540,000"
CRPU,Cool Hand Luke,1967,A,127 min,"Crime, Drama","16,217,773"
ONCT,Moon,2009,R,97 min,"Drama, Mystery, Sci-Fi","5,009,677"
MHDQ,Huo Yuan Jia,2006,PG-13,104 min,"Action, Biography, Drama","24,633,730"
TTBT,Malcolm X,1992,U,202 min,"Biography, Drama, History","48,169,908"
QCFS,The Innocents,1961,A,100 min,Horror,"2,616,000"
ANSZ,The Thin Red Line,1998,A,170 min,"Drama, War","36,400,491"
AYJD,Patton,1970,U,172 min,"Biography, Drama, War","61,700,000"
BECK,Hauru no ugoku shiro,2004,U,119 min,"Animation, Adventure, Family","4,711,096"
LROL,The Green Mile,1999,A,189 min,"Crime, Drama, Fantasy","136,801,374"
ASSQ,Le scaphandre et le papillon,2007,PG-13,112 min,"Biography, Drama","5,990,075"
GJHC,Predator,1987,A,107 min,"Action, Adventure, Sci-Fi","59,735,548"
UQFE,El ángel exterminador,1962,,95 min,"Drama, Fantasy",
HWSN,Il postino,1994,U,108 min,"Biography, Comedy, Drama","21,848,932"
QTHA,Night of the Living Dead,1968,,96 min,"Horror, Thriller","89,029"
WZZU,En man som heter Ove,2015,PG-13,116 min,"Comedy, Drama, Romance","3,358,518"
JBMJ,Nelyubov,2017,R,127 min,Drama,"566,356"
TSLS,PK,2014,UA,153 min,"Comedy, Drama, Musical","10,616,104"
TNTJ,The Avengers,2012,UA,143 min,"Action, Adventure, Sci-Fi","623,279,547"
DMEM,The Truman Show,1998,U,103 min,"Comedy, Drama","125,618,201"
XBYB,Die Hard: With a Vengeance,1995,A,128 min,"Action, Adventure, Thriller","100,012,499"
DPNB,To Have and Have Not,1944,PG,100 min,"Adventure, Comedy, Film-Noir",
YYLG,Druk,2020,,117 min,"Comedy, Drama",
OVXN,Stalker,1979,U,162 min,"Drama, Sci-Fi","234,723"
OCHN,Ace in the Hole,1951,Approved,111 min,"Drama, Film-Noir","3,969,893"
TLVJ,Kagemusha,1980,U,180 min,"Drama, History, War",
RKDV,Black Swan,2010,A,108 min,"Drama, Thriller","106,954,678"
SFXB,Witness for the Prosecution,1957,U,116 min,"Crime, Drama, Mystery","8,175,000"
JDGU,Udaan,2010,UA,134 min,Drama,"7,461"
TNHL,Toy Story 2,1999,U,92 min,"Animation, Adventure, Comedy","245,852,179"
XWVQ,Viskningar och rop,1972,A,91 min,Drama,"1,742,348"
WMHE,The Gentlemen,2019,A,113 min,"Action, Comedy, Crime",
LZMG,Harry Potter and the Sorcerer's Stone,2001,U,152 min,"Adventure, Family, Fantasy","317,575,550"
LNLD,Roma,2018,R,135 min,Drama,
QCCI,Star Trek Into Darkness,2013,UA,132 min,"Action, Adventure, Sci-Fi","228,778,661"
OUKR,21 Grams,2003,UA,124 min,"Crime, Drama, Thriller","16,290,476"
ZBAO,Mary Poppins,1964,U,139 min,"Comedy, Family, Fantasy","102,272,727"
CYKW,Zelig,1983,PG,79 min,Comedy,"11,798,616"
BHKW,Blow,2001,R,124 min,"Biography, Crime, Drama","52,990,775"
NSDA,Au revoir les enfants,1987,U,104 min,"Drama, War","4,542,825"
PEAL,The Insider,1999,UA,157 min,"Biography, Drama, Thriller","28,965,197"
WQUO,Harry Potter and the Half-Blood Prince,2009,UA,153 min,"Action, Adventure, Family","301,959,197"
XYPY,Ferris Bueller's Day Off,1986,U,103 min,Comedy,"70,136,369"
TQGD,Rogue One,2016,UA,133 min,"Action, Adventure, Sci-Fi","532,177,324"
ALMM,Big Hero 6,2014,U,102 min,"Animation, Action, Adventure","222,527,828"
MJNT,Amarcord,1973,R,123 min,"Comedy, Drama, Family",
ELXD,Se7en,1995,A,127 min,"Crime, Drama, Mystery","100,125,643"
GIUL,The Usual Suspects,1995,A,106 min,"Crime, Mystery, Thriller","23,341,568"
CKDH,Fiddler on the Roof,1971,G,181 min,"Drama, Family, Musical","80,500,000"
QBSK,(500) Days of Summer,2009,UA,95 min,"Comedy, Drama, Romance","32,391,374"
XBZS,Mandariinid,2013,,87 min,"Drama, War","144,501"
RSFW,What We Do in the Shadows,2014,R,86 min,"Comedy, Horror","3,333,000"
WNXD,My Name Is Khan,2010,UA,165 min,Drama,"4,018,695"
IUXL,Paper Moon,1973,U,102 min,"Comedy, Crime, Drama","30,933,743"
KWOE,Victoria,2015,,138 min,"Crime, Drama, Romance",
ZLBE,The Muppet Christmas Carol,1992,G,85 min,"Comedy, Drama, Family","27,281,507"
NMQA,La migliore offerta,2013,R,131 min,"Crime, Drama, Mystery","85,433"
BNNK,Les yeux sans visage,1960,,90 min,"Drama, Horror","52,709"
JCTT,"Three Billboards Outside Ebbing, Missouri",2017,A,115 min,"Comedy, Crime, Drama","54,513,740"
KYJK,Groundhog Day,1993,U,101 min,"Comedy, Fantasy, Romance","70,906,973"
NCYC,Mononoke-hime,1997,U,134 min,"Animation, Action, Adventure","2,375,308"
TRNC,Deadpool,2016,R,108 min,"Action, Adventure, Comedy","363,070,709"
EEAU,La battaglia di Algeri,1966,,121 min,"Drama, War","55,908"
VYKO,El secreto de sus ojos,2009,R,129 min,"Drama, Mystery, Romance","6,391,436"
SHNL,Ordinary People,1980,U,124 min,Drama,"54,800,000"
YDDU,Gongdong gyeongbi guyeok JSA,2000,,110 min,"Action, Drama, Thriller",
ZBWN,The Blues Brothers,1980,U,133 min,"Action, Adventure, Comedy","57,229,890"
WICB,Gran Torino,2008,R,116 min,Drama,"148,095,302"
RWOC,Life of Pi,2012,U,127 min,"Adventure, Drama, Fantasy","124,987,023"
UKDM,Badhaai ho,2018,UA,124 min,"Comedy, Drama",
YBHZ,The Big Short,2015,A,130 min,"Biography, Comedy, Drama","70,259,870"
YMFX,The Shawshank Redemption,1994,A,142 min,Drama,"28,341,469"
BQFJ,Rear Window,1954,U,112 min,"Mystery, Thriller","36,764,313"
TDEL,The Wrestler,2008,UA,109 min,"Drama, Sport","26,236,603"
GOJL,Dial M for Murder,1954,A,105 min,"Crime, Thriller","12,562"
HJPN,Wreck-It Ralph,2012,U,101 min,"Animation, Adventure, Comedy","189,422,889"
BTSG,Chak De! India,2007,U,153 min,"Drama, Family, Sport","1,113,541"
NTZS,Spoorloos,1988,,107 min,"Mystery, Thriller",
VMOZ,Repulsion,1965,,105 min,"Drama, Horror, Thriller",
TCNI,Tropa de Elite,2007,R,115 min,"Action, Crime, Drama","8,060"
XRYP,The Shining,1980,A,146 min,"Drama, Horror","44,017,374"
MEYL,Shrek,2001,U,90 min,"Animation, Adventure, Comedy","267,665,011"
NRDJ,Pan's Labyrinth,2006,UA,118 min,"Drama, Fantasy, War","37,634,615"
LGMZ,Un long dimanche de fiançailles,2004,U,133 min,"Drama, Mystery, Romance","6,167,817"
OXJX,The Night of the Hunter,1955,,92 min,"Crime, Drama, Film-Noir","654,000"
MISJ,K.G.F: Chapter 1,2018,UA,156 min,"Action, Drama",
GYNR,Rocky,1976,U,120 min,"Drama, Sport","117,235,247"
AMVW,Frost/Nixon,2008,R,122 min,"Biography, Drama, History","18,593,156"
GYYR,The Princess Bride,1987,U,98 min,"Adventure, Family, Fantasy","30,857,814"
XTJE,Harry Potter and the Goblet of Fire,2005,UA,157 min,"Adventure, Family, Fantasy","290,013,036"
PXOD,Goldfinger,1964,A,110 min,"Action, Adventure, Thriller","51,081,062"
PSVZ,Dazed and Confused,1993,U,102 min,Comedy,"7,993,039"
TCYD,Ayla: The Daughter of War,2017,,125 min,"Biography, Drama, History",
UUQJ,Ran,1985,U,162 min,"Action, Drama, War","4,135,750"
FILR,The Deer Hunter,1978,A,183 min,"Drama, War","48,979,328"
DRNP,Batoru rowaiaru,2000,,114 min,"Action, Adventure, Drama",
XLHG,The Big Lebowski,1998,R,117 min,"Comedy, Crime, Sport","17,498,804"
XKSG,Sleuth,1972,PG,138 min,"Mystery, Thriller","4,081,254"
XDSM,All the President's Men,1976,U,138 min,"Biography, Drama, History","70,600,000"
IUMB,To Kill a Mockingbird,1962,U,129 min,"Crime, Drama",
MEII,Skyfall,2012,UA,143 min,"Action, Adventure, Thriller","304,360,277"
JHZX,Carlito's Way,1993,A,144 min,"Crime, Drama, Thriller","36,948,322"
JLMS,Dogville,2003,R,178 min,"Crime, Drama","1,530,386"
YKCA,Barton Fink,1991,U,116 min,"Comedy, Drama, Thriller","6,153,939"
EYVL,Haider,2014,UA,160 min,"Action, Crime, Drama","901,610"
LFZP,Anatomy of a Murder,1959,,161 min,"Crime, Drama, Mystery","11,900,000"
CVSU,Airlift,2016,UA,130 min,"Drama, History",
VIVX,The Apartment,1960,U,125 min,"Comedy, Drama, Romance","18,600,000"
NUUM,Vicky Donor,2012,UA,126 min,"Comedy, Romance","169,209"
PAJU,The Warriors,1979,UA,92 min,"Action, Crime, Thriller","22,490,039"
PTHN,Anand,1971,U,122 min,"Drama, Musical",
XDDL,The Perks of Being a Wallflower,2012,UA,103 min,"Drama, Romance","17,738,570"
RHVL,The Last Samurai,2003,UA,154 min,"Action, Drama","111,110,575"
KBEU,Dil Bechara,2020,UA,101 min,"Comedy, Drama, Romance",
SZHQ,Joyeux Noël,2005,PG-13,116 min,"Drama, History, Music","1,054,361"
RGNH,Isle of Dogs,2018,U,101 min,"Animation, Adventure, Comedy","32,015,231"
RVDL,Man on Fire,2004,UA,146 min,"Action, Crime, Drama","77,911,774"
UAWM,Les diaboliques,1955,,117 min,"Crime, Drama, Horror",
FBKZ,Edward Scissorhands,1990,U,105 min,"Drama, Fantasy, Romance","56,362,352"
SYBH,The Thin Man,1934,TV-PG,91 min,"Comedy, Crime, Mystery",
FIBC,Django Unchained,2012,A,165 min,"Drama, Western","162,805,434"
LDGN,Scarface,1983,A,170 min,"Crime, Drama","45,598,982"
GLDH,Blazing Saddles,1974,A,93 min,"Comedy, Western","119,500,000"
CCHF,Lat sau san taam,1992,R,128 min,"Action, Crime, Thriller",
DLKM,Snatch,2000,UA,104 min,"Comedy, Crime","30,328,156"
SBLG,American History X,1998,R,119 min,Drama,"6,719,864"
AZSV,Her,2013,A,126 min,"Drama, Romance, Sci-Fi","25,568,251"
HXZV,Aliens,1986,U,137 min,"Action, Adventure, Sci-Fi","85,160,248"
EIOC,Once Upon a Time in America,1984,A,229 min,"Crime, Drama","5,321,508"
GCYZ,The Girl with the Dragon Tattoo,2011,R,158 min,"Crime, Drama, Mystery","102,515,793"
BYYU,Hidden Figures,2016,UA,127 min,"Biography, Drama, History","169,607,287"
LXDX,Before Sunrise,1995,R,101 min,"Drama, Romance","5,535,405"
IWPO,The Last Picture Show,1971,R,118 min,"Drama, Romance","29,133,000"
GPIL,Close Encounters of the Third Kind,1977,U,138 min,"Drama, Sci-Fi","132,088,635"
NYQN,The Wolf of Wall Street,2013,A,180 min,"Biography, Crime, Drama","116,900,694"
AQDB,Argo,2012,A,120 min,"Biography, Drama, Thriller","136,025,503"
YFSH,Dark Waters,2019,PG-13,126 min,"Biography, Drama, History",
YUSA,From Here to Eternity,1953,Passed,118 min,"Drama, Romance, War","30,500,000"
IKQY,True Romance,1993,R,119 min,"Crime, Drama, Romance","12,281,500"
HLZX,The Royal Tenenbaums,2001,A,110 min,"Comedy, Drama","52,364,010"
MDNZ,Léon,1994,A,110 min,"Action, Crime, Drama","19,501,238"
KWKY,The Last King of Scotland,2006,R,123 min,"Biography, Drama, History","17,605,861"
FQHJ,Marriage Story,2019,U,137 min,"Comedy, Drama, Romance","2,000,000"
YJHP,Rushmore,1998,UA,93 min,"Comedy, Drama, Romance","17,105,219"
SAKO,WALL·E,2008,U,98 min,"Animation, Adventure, Family","223,808,164"
OTOJ,The Martian,2015,UA,144 min,"Adventure, Drama, Sci-Fi","228,433,663"
QTFJ,Jûbê ninpûchô,1993,A,94 min,"Animation, Action, Adventure",
RSNW,La leggenda del pianista sull'oceano,1998,U,169 min,"Drama, Music, Romance","259,127"
DHGF,Being There,1979,PG,130 min,"Comedy, Drama","30,177,511"
DRRQ,The Dark Knight Rises,2012,UA,164 min,"Action, Adventure","448,139,099"
IHQN,Memento,2000,UA,113 min,"Mystery, Thriller","25,544,867"
AKGX,Rang De Basanti,2006,UA,167 min,"Comedy, Crime, Drama","2,197,331"
FYCV,Sin City,2005,A,124 min,"Crime, Thriller","74,103,820"
LLOW,Manhattan,1979,R,96 min,"Comedy, Drama, Romance","45,700,000"
SFZJ,Finding Neverland,2004,U,106 min,"Biography, Drama, Family","51,680,613"
TXOT,Chinatown,1974,UA,130 min,"Drama, Mystery, Thriller","29,000,000"
IJAS,Stardust,2007,U,127 min,"Adventure, Family, Fantasy","38,634,938"
PMLP,JFK,1991,UA,189 min,"Drama, History, Thriller","70,405,498"
GFUM,Toy Story,1995,U,81 min,"Animation, Adventure, Comedy","191,796,233"
OFPU,Inside Out,2015,U,95 min,"Animation, Adventure, Comedy","356,461,711"
VNJG,Sweet Smell of Success,1957,Approved,96 min,"Drama, Film-Noir",
QLNS,The Pianist,2002,R,150 min,"Biography, Drama, Music","32,572,577"
IDDC,The Lord of the Rings: The Fellowship of the Ring,2001,U,178 min,"Action, Adventure, Drama","315,544,750"
HSGQ,X-Men: Days of Future Past,2014,UA,132 min,"Action, Adventure, Sci-Fi","233,921,534"
XROC,Forrest Gump,1994,UA,142 min,"Drama, Romance","330,252,182"
IIVO,La planète sauvage,1973,U,72 min,"Animation, Sci-Fi","193,817"
DBCH,Inception,2010,UA,148 min,"Action, Adventure, Sci-Fi","292,576,195"
MVNL,Pirates of the Caribbean: The Curse of the Black Pearl,2003,UA,143 min,"Action, Adventure, Fantasy","305,413,918"
DZHB,The Secret of Kells,2009,,71 min,"Animation, Adventure, Family","686,383"
WILT,Dil Chahta Hai,2001,Unrated,183 min,"Comedy, Drama, Romance","300,000"
URZP,Sound of Metal,2019,R,120 min,"Drama, Music",
BBOU,Rockstar,2011,UA,159 min,"Drama, Music, Musical","985,912"
YAUJ,Short Term 12,2013,R,96 min,Drama,"1,010,414"
LZHN,The Shop Around the Corner,1940,,99 min,"Comedy, Drama, Romance","203,300"
HKAI,The Thing,1982,A,109 min,"Horror, Mystery, Sci-Fi","13,782,838"
CTFI,La règle du jeu,1939,,110 min,"Comedy, Drama",
IWMS,Relatos salvajes,2014,R,122 min,"Comedy, Drama, Thriller","3,107,072"
FJOP,Dallas Buyers Club,2013,R,117 min,"Biography, Drama","27,298,285"
TQJR,Fantasia,1940,G,125 min,"Animation, Family, Fantasy","76,408,097"
VOEJ,True Grit,2010,PG-13,110 min,"Drama, Western","171,243,005"
YUQA,Höstsonaten,1978,U,99 min,"Drama, Music",
RAQD,Cabaret,1972,A,124 min,"Drama, Music, Musical","42,765,000"
UPXM,In Bruges,2008,R,107 min,"Comedy, Crime, Drama","7,757,130"
KPNG,Eskiya,1996,,128 min,"Crime, Drama, Thriller",
YJNL,Blade Runner 2049,2017,UA,164 min,"Action, Drama, Mystery","92,054,159"
LSYB,Who's Afraid of Virginia Woolf?,1966,A,131 min,Drama,
PQMQ,Before Sunset,2004,R,80 min,"Drama, Romance","5,820,649"
QCKX,In the Name of the Father,1993,UA,133 min,"Biography, Crime, Drama","25,010,410"
EYGR,Singin' in the Rain,1952,G,103 min,"Comedy, Musical, Romance","8,819,028"
DBKN,The African Queen,1951,PG,105 min,"Adventure, Drama, Romance","536,118"
UULG,Planet of the Apes,1968,U,112 min,"Adventure, Sci-Fi","33,395,426"
EXNJ,Smultronstället,1957,U,91 min,"Drama, Romance",
WMZT,Rupan sansei: Kariosutoro no shiro,1979,U,100 min,"Animation, Adventure, Family",
AEHF,Raazi,2018,UA,138 min,"Action, Drama, Thriller",
HRGM,Good Will Hunting,1997,U,126 min,"Drama, Romance","138,433,435"
EHNG,Guardians of the Galaxy Vol. 2,2017,UA,136 min,"Action, Adventure, Comedy","389,813,101"
XTCP,The Fall,2006,R,117 min,"Adventure, Drama, Fantasy","2,280,348"
SFZW,One Flew Over the Cuckoo's Nest,1975,A,133 min,Drama,"112,000,000"
AFCI,How to Train Your Dragon 2,2014,U,102 min,"Animation, Action, Adventure","177,002,924"
XSLD,Being John Malkovich,1999,R,113 min,"Comedy, Drama, Fantasy","22,858,926"
UIFL,Taken,2008,A,90 min,"Action, Thriller","145,000,989"
MZBV,The Circus,1928,Passed,72 min,"Comedy, Romance",
LOKC,The Visitor,2007,PG-13,104 min,Drama,"9,422,422"
CXST,Toy Story 3,2010,U,103 min,"Animation, Adventure, Comedy","415,004,880"
ZNUF,Aladdin,1992,U,90 min,"Animation, Adventure, Comedy","217,350,219"
ZSOC,L'avventura,1960,U,144 min,"Drama, Mystery",
JRJA,Ondskan,2003,,113 min,Drama,"15,280"
FXBK,"O Brother, Where Art Thou?",2000,U,107 min,"Adventure, Comedy, Crime","45,512,588"
LVHF,To Be or Not to Be,1942,Passed,99 min,"Comedy, War",
PHZE,Yip Man,2008,R,106 min,"Action, Biography, Drama",
IKJB,The Dirty Dozen,1967,,150 min,"Action, Adventure, War","45,300,000"
NYSS,The Game,1997,UA,129 min,"Action, Drama, Mystery","48,323,648"
TKWK,The Bourne Ultimatum,2007,UA,115 min,"Action, Mystery, Thriller","227,471,070"
WULB,Call Me by Your Name,2017,UA,132 min,"Drama, Romance","18,095,701"
ZBFB,Kubo and the Two Strings,2016,PG,101 min,"Animation, Action, Adventure","48,023,088"
QASV,Rope,1948,A,80 min,"Crime, Drama, Mystery",
CIHB,Tengoku to jigoku,1963,,143 min,"Crime, Drama, Mystery",
IAPX,Boksuneun naui geot,2002,R,129 min,"Crime, Drama, Thriller","45,289"
ZKVS,Sabrina,1954,Passed,113 min,"Comedy, Drama, Romance",
UXJT,The Little Mermaid,1989,U,83 min,"Animation, Family, Fantasy","111,543,479"
PFWH,Das weiße Band - Eine deutsche Kindergeschichte,2009,UA,144 min,"Drama, History, Mystery","2,222,647"
UARX,Omoide no Mânî,2014,U,103 min,"Animation, Drama, Family","765,127"
HGMO,Invasion of the Body Snatchers,1956,Approved,80 min,"Drama, Horror, Sci-Fi",
DFYP,Apollo 13,PG,U,140 min,"Adventure, Drama, History","173,837,933"
GEVH,Naked,1993,,132 min,"Comedy, Drama","1,769,305"
FTTD,Into the Wild,2007,R,148 min,"Adventure, Biography, Drama","18,354,356"
DXVH,Kahaani,2012,UA,122 min,"Mystery, Thriller","1,035,953"
TDTU,Jab We Met,2007,U,138 min,"Comedy, Drama, Romance","410,800"
KQPP,North by Northwest,1959,U,136 min,"Adventure, Mystery, Thriller","13,275,000"
OKSB,Fear and Loathing in Las Vegas,1998,R,118 min,"Adventure, Comedy, Drama","10,680,275"
JCYS,Okuribito,2008,PG-13,130 min,"Drama, Music","1,498,210"
ELXV,A Clockwork Orange,1971,A,136 min,"Crime, Drama, Sci-Fi","6,207,725"
TNAU,Solaris,1972,PG,167 min,"Drama, Mystery, Sci-Fi",
NHYF,Glory,1989,R,122 min,"Biography, Drama, History","26,830,000"
FLNM,A Night at the Opera,1935,Passed,96 min,"Comedy, Music, Musical","2,537,520"
DGYX,Arrival,2016,UA,116 min,"Drama, Sci-Fi","100,546,139"
RRYI,V for Vendetta,2005,A,132 min,"Action, Drama, Sci-Fi","70,511,035"
PIHR,La Vie En Rose,2007,PG-13,140 min,"Biography, Drama, Music","10,301,706"
XONZ,Brazil,1985,U,132 min,"Drama, Sci-Fi","9,929,135"
IEJJ,The Purple Rose of Cairo,1985,U,82 min,"Comedy, Fantasy, Romance","10,631,333"
VDAN,Withnail & I,1987,R,107 min,"Comedy, Drama","1,544,889"
QJMX,A Streetcar Named Desire,1951,A,122 min,Drama,"8,000,000"
IBMF,Airplane!,1980,U,88 min,Comedy,"83,400,000"
GSWN,Rain Man,1988,U,133 min,Drama,"178,800,000"
TFBV,The Sandlot,1993,U,101 min,"Comedy, Drama, Family","32,416,586"
QEXB,Persepolis,2007,PG-13,96 min,"Animation, Biography, Drama","4,445,756"
ZOAN,Lethal Weapon,1987,A,109 min,"Action, Crime, Thriller","65,207,127"
RWXE,Charade,1963,U,113 min,"Comedy, Mystery, Romance","13,474,588"
PTNU,Lost Highway,1997,A,134 min,"Mystery, Thriller","3,796,699"
CPBG,The Hobbit: An Unexpected Journey,2012,UA,169 min,"Adventure, Fantasy","303,003,568"
OWLK,Straight Outta Compton,2015,R,147 min,"Biography, Drama, History","161,197,785"
YGBT,C.R.A.Z.Y.,2005,,129 min,"Comedy, Drama",
QPWD,Deliverance,1972,U,109 min,"Adventure, Drama, Thriller","7,056,013"
YELF,Cinderella Man,2005,UA,144 min,"Biography, Drama, History","61,649,911"
BOGV,Captain Fantastic,2016,R,118 min,"Comedy, Drama","5,875,006"
TFQV,Yôjinbô,1961,,110 min,"Action, Drama, Thriller",
WTQC,Eternal Sunshine of the Spotless Mind,2004,UA,108 min,"Drama, Romance, Sci-Fi","34,400,301"
NVWH,Hedwig and the Angry Inch,2001,R,95 min,"Comedy, Drama, Music","3,029,081"
INAY,Paddington 2,2017,U,103 min,"Adventure, Comedy, Family","40,442,052"
YPWI,Children of Men,2006,A,109 min,"Adventure, Drama, Sci-Fi","35,552,383"
WRPJ,When Harry Met Sally...,1989,UA,95 min,"Comedy, Drama, Romance","92,823,600"
KAVQ,Control,2007,R,122 min,"Biography, Drama, Music","871,577"
KFOZ,Le salaire de la peur,1953,U,131 min,"Adventure, Drama, Thriller",
ZYQH,Down by Law,1986,R,107 min,"Comedy, Crime, Drama","1,436,000"
DLPY,Harry Potter and the Prisoner of Azkaban,2004,U,142 min,"Adventure, Family, Fantasy","249,358,727"
PEGS,Du rififi chez les hommes,1955,,118 min,"Crime, Drama, Thriller","57,226"
JSCP,The Magdalene Sisters,2002,R,114 min,Drama,"4,890,878"
SEUH,Le notti di Cabiria,1957,,110 min,Drama,"752,045"
GACQ,Blowup,1966,A,111 min,"Drama, Mystery, Thriller",
WBLH,Uri: The Surgical Strike,2018,UA,138 min,"Action, Drama, War","4,186,168"
HMWM,Coco,2017,U,105 min,"Animation, Adventure, Family","209,726,015"
QOAA,Arsenic and Old Lace,1942,,118 min,"Comedy, Crime, Thriller",
YHYV,Out of the Past,1947,,97 min,"Crime, Drama, Film-Noir",
PPLX,La montaña sagrada,1973,R,114 min,"Adventure, Drama, Fantasy","61,001"
ZSBF,A Man for All Seasons,1966,U,120 min,"Biography, Drama, History","28,350,000"
HYST,Les choristes,2004,PG-13,97 min,"Drama, Music","3,635,164"
OYBJ,The Quiet Man,1952,Passed,129 min,"Comedy, Drama, Romance","10,550,000"
DPWY,Gake no ue no Ponyo,2008,U,101 min,"Animation, Adventure, Comedy","15,090,400"
OBYU,Paan Singh Tomar,2012,UA,135 min,"Action, Biography, Crime","39,567"
QHCG,Bronenosets Potemkin,1925,,75 min,"Drama, History, Thriller","50,970"
SVSV,Iron Man,2008,UA,126 min,"Action, Adventure, Sci-Fi","318,412,101"
RSMM,The Taking of Pelham One Two Three,1974,U,104 min,"Action, Crime, Thriller",
YKAX,Jaws,1975,A,124 min,"Adventure, Thriller","260,000,000"
NEFC,The Lego Movie,2014,U,100 min,"Animation, Action, Adventure","257,760,692"
ADJD,Before Midnight,2013,R,109 min,"Drama, Romance","8,114,627"
VUTR,Reservoir Dogs,1992,R,99 min,"Crime, Drama, Thriller","2,832,029"
TNFA,Festen,1998,R,105 min,Drama,"1,647,780"
JSMP,"Crna macka, beli macor",1998,R,127 min,"Comedy, Crime, Romance","348,660"
OLJP,The Peanut Butter Falcon,2019,PG-13,97 min,"Adventure, Comedy, Drama","13,122,642"
DHHU,Mary and Max,2009,,92 min,"Animation, Comedy, Drama",
NYKB,Belle de jour,1967,A,100 min,"Drama, Romance","26,331"
KGBR,Bin-jip,2004,U,88 min,"Crime, Drama, Romance","238,507"
HNIE,The Curious Case of Benjamin Button,2008,UA,166 min,"Drama, Fantasy, Romance","127,509,326"
UUWQ,The Station Agent,2003,R,89 min,"Comedy, Drama","5,739,376"
ANLA,The Kid,1921,Passed,68 min,"Comedy, Drama, Family","5,450,000"
ICKZ,The Philadelphia Story,1940,,112 min,"Comedy, Romance",
OISJ,Lage Raho Munna Bhai,2006,U,144 min,"Comedy, Drama, Romance","2,217,561"
TEBU,Lost in Translation,2003,UA,102 min,"Comedy, Drama","44,585,453"
THYR,Under sandet,2015,R,100 min,"Drama, History, War","435,266"
VNTR,Jungfrukällan,1960,A,89 min,Drama,"1,526,000"
KZBR,Funny Games,1997,A,108 min,"Crime, Drama, Thriller",
LELW,Star Wars: Episode V - The Empire Strikes Back,1980,UA,124 min,"Action, Adventure, Fantasy","290,475,067"
WWHT,Moonrise Kingdom,2012,A,94 min,"Comedy, Drama, Romance","45,512,466"
GMCP,First Blood,1982,A,93 min,"Action, Adventure","47,212,904"
ACFP,Psycho,1960,A,109 min,"Horror, Mystery, Thriller","32,000,000"
PRKU,Gone Girl,2014,A,149 min,"Drama, Mystery, Thriller","167,767,189"
MAPQ,Togo,2019,U,113 min,"Adventure, Biography, Drama",
PGTO,Mission: Impossible - Fallout,2018,UA,147 min,"Action, Adventure, Thriller","220,159,104"
XNST,La passion de Jeanne d'Arc,1928,Passed,110 min,"Biography, Drama, History","21,877"
JUXX,Joker,2019,A,122 min,"Crime, Drama, Thriller","335,451,311"
BABP,Dead Poets Society,1989,U,128 min,"Comedy, Drama","95,860,116"
ZMMK,El cuerpo,2012,,112 min,"Mystery, Thriller",
DYUL,The Matrix,1999,A,136 min,"Action, Sci-Fi","171,479,930"
NDVV,Hot Fuzz,2007,UA,121 min,"Action, Comedy, Mystery","23,637,265"
BTBX,Double Indemnity,1944,Passed,107 min,"Crime, Drama, Film-Noir","5,720,000"
MGZW,Once,2007,R,86 min,"Drama, Music, Romance","9,439,923"
JNLB,Jagten,2012,R,115 min,Drama,"687,185"
OMWK,After Hours,1985,UA,97 min,"Comedy, Crime, Drama","10,600,000"
YEIV,Finding Nemo,2003,U,100 min,"Animation, Adventure, Comedy","380,843,261"
CULF,The Jungle Book,1967,U,78 min,"Animation, Adventure, Family","141,843,612"
ABPH,Zootopia,2016,U,108 min,"Animation, Adventure, Comedy","341,268,248"
OQRK,Walk the Line,2005,PG-13,136 min,"Biography, Drama, Music","119,519,402"
JQEN,Braveheart,1995,A,178 min,"Biography, Drama, History","75,600,000"
MJEG,Kari-gurashi no Arietti,2010,U,94 min,"Animation, Adventure, Family","19,202,743"
SQFX,A Beautiful Mind,2001,UA,135 min,"Biography, Drama","170,742,341"
DPGV,Shine,1996,U,105 min,"Biography, Drama, Music","35,811,509"
YDDL,Hachi: A Dog's Tale,2009,G,93 min,"Biography, Drama, Family",
KNLL,Guess Who's Coming to Dinner,1967,,108 min,"Comedy, Drama","56,700,000"
USCH,The Killing,1956,Approved,84 min,"Crime, Drama, Film-Noir",
MECW,Secrets & Lies,1996,U,136 min,"Comedy, Drama","13,417,292"
NWBL,Hamilton,2020,PG-13,160 min,"Biography, Drama, History",
XIVD,Little Women,2019,U,135 min,"Drama, Romance","108,101,214"
XWDT,The Lunchbox,2013,U,104 min,"Drama, Romance","4,231,500"
GCBG,The Fighter,2010,UA,116 min,"Biography, Drama, Sport","93,617,009"
LMLS,Home Alone,1990,U,103 min,"Comedy, Family","285,761,243"
ROYO,Where Eagles Dare,1968,U,158 min,"Action, Adventure, War",
TGKX,Bridge of Spies,2015,UA,142 min,"Drama, History, Thriller","72,313,754"
AHMI,Knives Out,2019,UA,130 min,"Comedy, Crime, Drama","165,359,751"
SCTJ,Misery,1990,R,107 min,"Drama, Thriller","61,276,872"
UERH,Tôkyô goddofâzâzu,2003,UA,90 min,"Animation, Adventure, Comedy","128,985"
RZUM,The Treasure of the Sierra Madre,1948,Passed,126 min,"Adventure, Drama, Western","5,014,000"
PQXI,Detachment,2011,,98 min,Drama,"71,177"
MJIR,Rebel Without a Cause,1955,PG-13,111 min,Drama,
YRDM,Spartacus,1960,A,197 min,"Adventure, Biography, Drama","30,000,000"
APCX,25th Hour,2002,R,135 min,Drama,"13,060,843"
UIXI,American Beauty,1999,UA,122 min,Drama,"130,096,601"
VKAV,Blade Runner,1982,UA,117 min,"Action, Sci-Fi, Thriller","32,868,943"
LKUN,M.S. Dhoni: The Untold Story,2016,U,184 min,"Biography, Drama, Sport","1,782,795"
HDHB,The Last of the Mohicans,1992,UA,112 min,"Action, Adventure, Drama","75,505,856"
LDTU,Kôkaku Kidôtai,1995,UA,83 min,"Animation, Action, Crime","515,905"
UZBP,The Revenant,2015,A,156 min,"Action, Adventure, Drama","183,637,894"
VSLQ,Zulu,1964,U,138 min,"Drama, History, War",
PXLD,The Boy in the Striped Pyjamas,2008,PG-13,94 min,"Drama, History, War","9,030,581"
LFZU,La haine,1995,UA,98 min,"Crime, Drama","309,811"
KNYP,The Lives of Others,2006,A,137 min,"Drama, Mystery, Thriller","11,286,112"
TXGW,Udta Punjab,2016,A,148 min,"Action, Crime, Drama",
USNO,Amadeus,1984,R,160 min,"Biography, Drama, History","51,973,029"
TZOV,Me and Earl and the Dying Girl,2015,PG-13,105 min,"Comedy, Drama","6,743,776"
LGSL,Sicario,2015,A,121 min,"Action, Crime, Drama","46,889,293"
LKPC,Tombstone,1993,R,130 min,"Action, Biography, Drama","56,505,065"
DQNF,The Iron Giant,1999,PG,86 min,"Animation, Action, Adventure","23,159,305"
QVAD,Goodfellas,1990,A,146 min,"Biography, Crime, Drama","46,836,394"
DKLW,The Message,1976,PG,177 min,"Biography, Drama, History",
ZSET,L.A. Confidential,1997,A,138 min,"Crime, Drama, Mystery","64,616,940"
LJGN,No Country for Old Men,2007,R,122 min,"Crime, Drama, Thriller","74,283,625"
ARGK,X: First Class,2011,UA,131 min,"Action, Adventure, Sci-Fi","146,408,305"
ECCA,Stalag 17,1953,,120 min,"Comedy, Drama, War",
RDLL,Mr. Smith Goes to Washington,1939,Passed,129 min,"Comedy, Drama","9,600,000"
ANAR,The Illusionist,2006,U,110 min,"Drama, Fantasy, Mystery","39,868,642"
SBTC,Shadow of a Doubt,1943,PG,108 min,"Film-Noir, Thriller",
HBVJ,Lucky Number Slevin,2006,R,110 min,"Action, Crime, Drama","22,494,487"
LPXU,Dip huet seung hung,1989,R,111 min,"Action, Crime, Drama",
PGLQ,Les quatre cents coups,1959,,99 min,"Crime, Drama",
KFNL,Black Hawk Down,2001,A,144 min,"Drama, History, War","108,638,745"
AFGE,Nuovo Cinema Paradiso,1988,U,155 min,"Drama, Romance","11,990,401"
KXRI,Batman Begins,2005,UA,140 min,"Action, Adventure","206,852,432"
FLSU,Efter brylluppet,2006,R,120 min,Drama,"412,544"
FIFY,Watership Down,1978,U,91 min,"Animation, Adventure, Drama",
ZRXP,The Fugitive,1993,U,130 min,"Action, Crime, Drama","183,875,760"
WVXB,Captain Phillips,2013,UA,134 min,"Adventure, Biography, Crime","107,100,855"
SINQ,Delicatessen,1991,R,99 min,"Comedy, Crime","1,794,187"
LYUN,Ah-ga-ssi,2016,A,145 min,"Drama, Romance, Thriller","2,006,788"
CCLK,Thor: Ragnarok,2017,UA,130 min,"Action, Adventure, Comedy","315,058,289"
GIEH,Vikram Vedha,2017,UA,147 min,"Action, Crime, Drama",
MVKO,Portrait de la jeune fille en feu,2019,R,122 min,"Drama, Romance","3,759,854"
DBYU,Per qualche dollaro in più,1965,U,132 min,Western,"15,000,000"
EUBK,Gifted,2017,PG-13,101 min,Drama,"24,801,212"
HNFA,Hunt for the Wilderpeople,2016,UA,101 min,"Adventure, Comedy, Drama","5,202,582"
UHKQ,Casablanca,1942,U,102 min,"Drama, Romance, War","1,024,560"
WJHO,The Butterfly Effect,2004,U,113 min,"Drama, Sci-Fi, Thriller","57,938,693"
GFXJ,The Lady Vanishes,1938,,96 min,"Mystery, Thriller",
FVMO,Tropa de Elite 2: O Inimigo Agora é Outro,2010,,115 min,"Action, Crime, Drama","100,119"
CCCT,Seven Pounds,2008,UA,123 min,Drama,"69,951,824"
DDKF,The Irishman,2019,R,209 min,"Biography, Crime, Drama","7,000,000"
AFNR,Mysterious Skin,2004,R,105 min,Drama,"697,181"
WCFE,The Silence of the Lambs,1991,A,118 min,"Crime, Drama, Thriller","130,742,922"
ZGYZ,Inherit the Wind,1960,Passed,128 min,"Biography, Drama, History",
XEBE,Barfi!,2012,U,151 min,"Comedy, Drama, Romance","2,804,874"
KBFH,Dirty Harry,1971,A,102 min,"Action, Crime, Thriller","35,900,000"
OLNP,A Star Is Born,2018,UA,136 min,"Drama, Music, Romance","215,288,866"
MUTV,The Ladykillers,1955,,91 min,"Comedy, Crime",
NFLN,Sing Street,2016,PG-13,106 min,"Comedy, Drama, Music","3,237,118"
LHBQ,Notorious,1946,U,102 min,"Drama, Film-Noir, Romance","10,464,000"
UICH,Doctor Zhivago,1965,A,197 min,"Drama, Romance, War","111,722,000"
VCUW,Gravity,2013,UA,91 min,"Drama, Sci-Fi, Thriller","274,092,705"
UPOW,Short Cuts,1993,R,188 min,"Comedy, Drama","6,110,979"
HXMW,Apocalypto,2006,A,139 min,"Action, Adventure, Drama","50,866,635"
XBBK,Cape Fear,1962,Passed,106 min,"Drama, Thriller",
KNXX,Brokeback Mountain,2005,A,134 min,"Drama, Romance","83,043,761"
ILPF,The Count of Monte Cristo,2002,PG-13,131 min,"Action, Adventure, Drama","54,234,062"
HNMA,The 39 Steps,1935,,86 min,"Crime, Mystery, Thriller",
MLNP,Whiplash,2014,A,106 min,"Drama, Music","13,092,000"
KFPB,Logan,2017,A,137 min,"Action, Drama, Sci-Fi","226,277,068"
CAMB,The Birds,1963,A,119 min,"Drama, Horror, Mystery","11,403,529"
CIEG,Jojo Rabbit,2019,UA,108 min,"Comedy, Drama, War","349,555"
RVQW,Annie Hall,1977,A,93 min,"Comedy, Romance","39,200,000"
ZEUB,Warrior,2011,UA,140 min,"Action, Drama, Sport","13,657,115"
PRCZ,Baby,2015,UA,159 min,"Action, Crime, Thriller",
KXIT,Mad Max 2,1981,A,96 min,"Action, Adventure, Sci-Fi","12,465,371"
QIII,Stagecoach,1939,Passed,96 min,"Adventure, Drama, Western",
KDAA,My Cousin Vinny,1992,UA,120 min,"Comedy, Crime","52,929,168"
IKKD,The Breakfast Club,1985,UA,97 min,"Comedy, Drama","45,875,171"
OXKS,Raging Bull,1980,A,129 min,"Biography, Drama, Sport","23,383,987"
BJYL,Rebecca,1940,Approved,130 min,"Drama, Mystery, Romance","4,360,000"
ECUC,Drive,2011,A,100 min,"Crime, Drama","35,061,555"
FTZL,Match Point,2005,R,124 min,"Drama, Romance, Thriller","23,089,926"
ZORC,Adaptation.,2002,R,115 min,"Comedy, Drama","22,245,861"
DYQG,Taxi Driver,1976,A,114 min,"Crime, Drama","28,262,574"
NHWN,Lagaan: Once Upon a Time in India,2001,U,224 min,"Adventure, Drama, Musical","70,147"
BSSZ,3:10 to Yuma,2007,A,122 min,"Action, Crime, Drama","53,606,916"
HUIP,Bacheha-Ye aseman,1997,PG,89 min,"Drama, Family, Sport","933,933"
AOYO,Avatar,2009,UA,162 min,"Action, Adventure, Fantasy","760,507,625"
HVWW,Inglourious Basterds,2009,A,153 min,"Adventure, Drama, War","120,540,719"
VUMZ,Red River,1948,Passed,133 min,"Action, Adventure, Drama",
CZTE,Det sjunde inseglet,1957,A,96 min,"Drama, Fantasy, History",
NPAM,Cat on a Hot Tin Roof,1958,A,108 min,Drama,"17,570,324"
PLJU,Good Bye Lenin!,2003,R,121 min,"Comedy, Drama, Romance","4,064,200"
IRMA,Sling Blade,1996,R,135 min,Drama,"24,475,416"
OKSE,Minority Report,2002,A,145 min,"Action, Crime, Mystery","132,072,926"
MWKY,Giù la testa,1971,PG,157 min,"Drama, War, Western","696,690"
LAAU,Alien,1979,R,117 min,"Horror, Sci-Fi","78,900,000"
CEOX,Philomena,2013,PG-13,98 min,"Biography, Comedy, Drama","37,707,719"
RZSA,The Social Network,2010,UA,120 min,"Biography, Drama","96,962,694"
ABHU,Shaun of the Dead,2004,UA,99 min,"Comedy, Horror","13,542,874"
ARHX,Gegen die Wand,2004,R,121 min,"Drama, Romance",
UBLE,The Right Stuff,1983,PG,193 min,"Adventure, Biography, Drama","21,500,000"
UORX,English Vinglish,2012,U,134 min,"Comedy, Drama, Family","1,670,773"
QTEM,Kokuhaku,2010,,106 min,"Drama, Thriller",
WJGV,3 Idiots,2009,UA,170 min,"Comedy, Drama","6,532,908"
JYAT,50/50,2011,R,100 min,"Comedy, Drama, Romance","35,014,192"
ZIJN,Rio Bravo,1959,Passed,141 min,"Action, Drama, Western","12,535,000"
UBOB,The Hurricane,1999,R,146 min,"Biography, Drama, Sport","50,668,906"
HEZB,Moana,2016,U,107 min,"Animation, Adventure, Comedy","248,757,044"
ZARP,Ivanovo detstvo,1962,,95 min,"Drama, War",
GYAE,The Sting,1973,U,129 min,"Comedy, Crime, Drama","159,600,000"
XQBQ,The Naked Gun: From the Files of Police Squad!,1988,U,85 min,"Comedy, Crime","78,756,177"
MIUG,Monty Python and the Holy Grail,1975,PG,91 min,"Adventure, Comedy, Fantasy","1,229,197"
XYUJ,Bãhubali: The Beginning,2015,UA,159 min,"Action, Drama","6,738,000"
XXIC,"Aguirre, der Zorn Gottes",1972,,95 min,"Action, Adventure, Biography",
YDQA,Fantastic Mr. Fox,2009,PG,87 min,"Animation, Adventure, Comedy","21,002,919"
IILV,Primal Fear,1996,A,129 min,"Crime, Drama, Mystery","56,116,183"
LVTX,Sen to Chihiro no kamikakushi,2001,U,125 min,"Animation, Adventure, Family","10,055,859"
KYCA,Serpico,1973,A,130 min,"Biography, Crime, Drama","29,800,000"
JPZL,Amores perros,2000,A,154 min,"Drama, Thriller","5,383,834"
HIGI,Le samouraï,1967,GP,105 min,"Crime, Drama, Mystery","39,481"
LFGR,Hannah and Her Sisters,1986,PG-13,107 min,"Comedy, Drama","40,084,041"
HKPT,American Gangster,2007,A,157 min,"Biography, Crime, Drama","130,164,645"
POCR,The Exorcist,1973,A,122 min,Horror,"232,906,145"
VEIK,The Conversation,1974,U,113 min,"Drama, Mystery, Thriller","4,420,000"
TTDS,Wonder,2017,U,113 min,"Drama, Family","132,422,809"
QHDY,Serbuan maut 2: Berandal,2014,A,150 min,"Action, Crime, Thriller","2,625,803"
KIIL,The Longest Day,1962,G,178 min,"Action, Drama, History","39,100,000"
HPTX,Flipped,2010,PG,90 min,"Comedy, Drama, Romance","1,752,214"
QMUF,Sunrise: A Song of Two Humans,1927,Passed,94 min,"Drama, Romance","539,540"
TPON,Star Wars: Episode VII - The Force Awakens,2015,U,138 min,"Action, Adventure, Sci-Fi","936,662,225"
GICZ,Catch Me If You Can,2002,A,141 min,"Biography, Crime, Drama","164,615,351"
VWLO,Hamlet,1996,PG-13,242 min,Drama,"4,414,535"
JKBY,The Best Years of Our Lives,1946,Approved,170 min,"Drama, Romance, War","23,650,000"
AWWI,Barry Lyndon,1975,PG,185 min,"Adventure, Drama, History",
FMKI,Manchester by the Sea,2016,UA,137 min,Drama,"47,695,120"
DVXF,The Great Escape,1963,U,172 min,"Adventure, Drama, History","12,100,000"
TILS,Dancer in the Dark,2000,U,140 min,"Crime, Drama, Musical","4,184,036"
FVLW,White Heat,1949,,114 min,"Action, Crime, Drama",
XJHI,In America,2002,PG-13,105 min,Drama,"15,539,266"
VDGU,Sanjuro,1962,U,96 min,"Action, Comedy, Crime",
OSMQ,A Few Good Men,1992,U,138 min,"Drama, Thriller","141,340,178"
UVRC,The Gold Rush,1925,Passed,95 min,"Adventure, Comedy, Drama","5,450,000"
HVCM,Boyhood,2014,A,165 min,Drama,"25,379,975"
XQGP,Roman Holiday,1953,,118 min,"Comedy, Romance",
VLQS,Just Mercy,2019,A,137 min,"Biography, Crime, Drama",
EBWH,Drishyam,2015,UA,163 min,"Crime, Drama, Mystery","739,478"
WJAG,Ang-ma-reul bo-at-da,2010,,144 min,"Action, Crime, Drama","128,392"
CRKK,Vertigo,1958,A,128 min,"Mystery, Romance, Thriller","3,200,000"
NHRO,Ôkami kodomo no Ame to Yuki,2012,U,117 min,"Animation, Drama, Fantasy",
NVGQ,Le Petit Prince,2015,PG,108 min,"Animation, Adventure, Drama","1,339,152"
CZUU,Only the Brave,2017,UA,134 min,"Action, Biography, Drama","18,340,051"
FZHW,Chhichhore,2019,UA,143 min,"Comedy, Drama","898,575"
DQZJ,It Happened One Night,1934,Approved,105 min,"Comedy, Romance","4,360,000"
PTSN,Hera Pheri,2000,U,156 min,"Action, Comedy, Crime",
ZHSU,Taegukgi hwinalrimyeo,2004,R,140 min,"Action, Drama, War","1,111,061"
VTEL,Kick-Ass,2010,UA,117 min,"Action, Comedy, Crime","48,071,303"
HCJX,Raiders of the Lost Ark,1981,A,115 min,"Action, Adventure","248,159,971"
FNGW,Un prophète,2009,A,155 min,"Crime, Drama","2,084,637"
TCXT,On Golden Pond,1981,UA,109 min,Drama,"119,285,432"
YRWF,Trois couleurs: Rouge,1994,U,99 min,"Drama, Mystery, Romance","4,043,686"
FHCE,Despicable Me,2010,U,95 min,"Animation, Comedy, Crime","251,513,985"
VIJC,The French Connection,1971,A,104 min,"Action, Crime, Drama","15,630,710"
VTJI,The Red Shoes,1948,,135 min,"Drama, Music, Romance","10,900,000"
TBKZ,Ray,2004,A,152 min,"Biography, Drama, Music","75,331,600"
JPUO,Back to the Future,1985,U,116 min,"Adventure, Comedy, Sci-Fi","210,609,762"
UYGA,Schindler's List,1993,A,195 min,"Biography, Drama, History","96,898,818"
ARTG,My Left Foot: The Story of Christy Brown,1989,U,103 min,"Biography, Drama","14,743,391"
VMIR,Mommy,2014,R,139 min,Drama,"3,492,754"
VKLU,Perfetti sconosciuti,2016,,96 min,"Comedy, Drama",
OWFI,Das Cabinet des Dr. Caligari,1920,,76 min,"Fantasy, Horror, Mystery",
JGSD,2001: A Space Odyssey,1968,U,149 min,"Adventure, Sci-Fi","56,954,992"
BAMY,Nebraska,2013,UA,115 min,"Adventure, Comedy, Drama","17,654,912"
LTIF,Gladiator,2000,UA,155 min,"Action, Adventure, Drama","187,705,427"
THHV,Paths of Glory,1957,A,88 min,"Drama, War",
ETAC,Do the Right Thing,1989,R,120 min,"Comedy, Drama","27,545,445"
YOEI,Night on Earth,1991,R,129 min,"Comedy, Drama","2,015,810"
QSBQ,Il conformista,1970,UA,113 min,Drama,"541,940"
KJMK,Enter the Dragon,1973,A,102 min,"Action, Crime, Drama","25,000,000"
VMUR,Amour,2012,UA,127 min,"Drama, Romance","6,739,492"
JMEP,"Swades: We, the People",2004,U,210 min,Drama,"1,223,240"
JMHT,Kaze no tani no Naushika,1984,U,117 min,"Animation, Adventure, Fantasy","495,770"
HZPM,Ajeossi,2010,R,119 min,"Action, Crime, Drama","6,460"
MPOR,Jodaeiye Nader az Simin,2011,PG-13,123 min,Drama,"7,098,492"
HLXE,"Paris, Texas",1984,U,145 min,Drama,"2,181,987"
YGJM,Per un pugno di dollari,1964,A,99 min,"Action, Drama, Western","14,500,000"
GBJK,8½,1963,,138 min,Drama,"50,690"
UJQD,Room,2015,R,118 min,"Drama, Thriller","14,677,674"
OBMM,Lord of War,2005,R,122 min,"Action, Crime, Drama","24,149,632"
LPUK,Fight Club,1999,A,139 min,Drama,"37,030,102"
NDSH,Andaz Apna Apna,1994,U,160 min,"Action, Comedy, Romance",
FRGK,Abre los ojos,1997,U,119 min,"Drama, Mystery, Sci-Fi","368,234"
VQZR,Le charme discret de la bourgeoisie,1972,PG,102 min,Comedy,"198,809"
MWPM,Some Like It Hot,1959,U,121 min,"Comedy, Music, Romance","25,000,000"
GNPR,How to Train Your Dragon,2010,U,98 min,"Animation, Action, Adventure","217,581,231"
DNIZ,The Untouchables,1987,A,119 min,"Crime, Drama, Thriller","76,270,454"
SNIN,The Godfather: Part II,1974,A,202 min,"Crime, Drama","57,300,000"
ZQTF,Ratatouille,2007,U,111 min,"Animation, Adventure, Comedy","206,445,654"
ERWD,"Il buono, il brutto, il cattivo",1966,A,161 min,Western,"6,100,000"
FHJP,Le locataire,1976,R,126 min,"Drama, Thriller","1,924,733"
IPWC,Citizen Kane,1941,UA,119 min,"Drama, Mystery","1,585,634"
QMJX,The Departed,2006,A,151 min,"Crime, Drama, Thriller","132,384,315"
FFWB,Baahubali 2: The Conclusion,2017,UA,167 min,"Action, Drama","20,186,659"
VDFG,La double vie de Véronique,1991,R,98 min,"Drama, Fantasy, Music","1,999,955"
THYG,All About Eve,1950,Passed,138 min,Drama,"10,177"
IDNX,Kramer vs. Kramer,1979,A,105 min,Drama,"106,260,000"
YMUE,Song of the Sea,2014,PG,93 min,"Animation, Adventure, Drama","857,524"
ZIWL,Andhadhun,2018,UA,139 min,"Crime, Drama, Music","1,373,943"
JIZR,Vampire Hunter D: Bloodlust,2000,U,103 min,"Animation, Action, Fantasy","151,086"
TKHW,Billy Elliot,2000,R,110 min,"Drama, Music","21,995,263"
SMFF,The Searchers,1956,Passed,119 min,"Adventure, Drama, Western",
WTFR,Breaking the Waves,1996,R,159 min,Drama,"4,040,691"
YGIQ,Toki o kakeru shôjo,2006,U,98 min,"Animation, Adventure, Comedy",
EQYX,Majo no takkyûbin,1989,U,103 min,"Animation, Adventure, Drama",
VEIR,Falling Down,1993,R,113 min,"Action, Crime, Drama","40,903,593"
NHCM,Interstate 60: Episodes of the Road,2002,R,116 min,"Adventure, Comedy, Drama",
LGJM,Big Fish,2003,U,125 min,"Adventure, Drama, Fantasy","66,257,002"
PVXY,The General,1926,Passed,67 min,"Action, Adventure, Comedy","1,033,895"
HSXL,Dawn of the Planet of the Apes,2014,UA,130 min,"Action, Adventure, Drama","208,545,589"
BJAX,Get Out,2017,R,104 min,"Horror, Mystery, Thriller","176,040,665"
RIEV,Bringing Up Baby,1938,Passed,102 min,"Comedy, Family, Romance",
NVVN,Harry Potter and the Deathly Hallows: Part 1,2010,A,146 min,"Adventure, Family, Fantasy","295,983,305"
GVYS,Ikiru,1952,,143 min,Drama,"55,240"
RDSZ,Laura,1944,Passed,88 min,"Drama, Film-Noir, Mystery","4,360,000"
LNFK,There Will Be Blood,2007,A,158 min,Drama,"40,222,514"
XZFA,Darbareye Elly,2009,TV-PG,119 min,"Drama, Mystery","106,662"
LMGX,Happiness,1998,,134 min,"Comedy, Drama","2,807,390"
BTHG,In a Lonely Place,1950,,94 min,"Drama, Film-Noir, Mystery",
ZERW,Ba wang bie ji,1993,R,171 min,"Drama, Music, Romance","5,216,888"
JZLD,Green Book,2018,UA,130 min,"Biography, Comedy, Drama","85,080,171"
GPTJ,Nosferatu,1922,,94 min,"Fantasy, Horror",
MSQU,Metropolis,1927,,153 min,"Drama, Sci-Fi","1,236,166"
CQPC,Dawn of the Dead,1978,A,127 min,"Action, Adventure, Horror","5,100,000"
DXRS,Central do Brasil,1998,R,110 min,Drama,"5,595,428"
GRZF,The King's Speech,2010,U,118 min,"Biography, Drama, History","138,797,449"
NLWX,His Girl Friday,1940,Passed,92 min,"Comedy, Drama, Romance","296,000"
TCFA,Bhaag Milkha Bhaag,2013,U,186 min,"Biography, Drama, Sport","1,626,289"
RVXJ,Heat,1995,A,170 min,"Crime, Drama, Thriller","67,436,818"
EIZT,Sholay,1975,U,204 min,"Action, Adventure, Comedy",
CGED,Silver Linings Playbook,2012,A,122 min,"Comedy, Drama, Romance","132,092,958"
ZKUQ,12 Years a Slave,2013,A,134 min,"Biography, Drama, History","56,671,993"
TMXD,Kimi no na wa.,2016,U,106 min,"Animation, Drama, Fantasy","5,017,246"
JAQI,Crash,2004,UA,112 min,"Crime, Drama, Thriller","54,580,300"
EMHS,My Fair Lady,1964,U,170 min,"Drama, Family, Musical","72,000,000"
WCHV,The Help,2011,UA,146 min,Drama,"169,708,112"
CXYA,Soul,2020,U,100 min,"Animation, Adventure, Comedy",
KVXI,Avengers: Infinity War,2018,UA,149 min,"Action, Adventure, Sci-Fi","678,815,482"
QPDU,The Maltese Falcon,1941,,100 min,"Film-Noir, Mystery","2,108,060"
ZPBG,Mystic River,2003,A,138 min,"Crime, Drama, Mystery","90,135,191"
OJCX,Crimes and Misdemeanors,1989,PG-13,104 min,"Comedy, Drama","18,254,702"
GJCC,Idi i smotri,1985,A,142 min,"Drama, Thriller, War",
WYJB,Death Note: Desu nôto,2006,,126 min,"Crime, Drama, Fantasy",
ELMI,Midnight Cowboy,1969,A,113 min,Drama,"44,785,053"
OLTB,Office Space,1999,R,89 min,Comedy,"10,824,921"
EGMH,Tangled,2010,U,100 min,"Animation, Adventure, Comedy","200,821,936"
XYRL,East of Eden,1955,U,118 min,Drama,
OTAR,Shutter Island,2010,A,138 min,"Mystery, Thriller","128,012,934"
RYGJ,Frankenstein,1931,Passed,70 min,"Drama, Horror, Sci-Fi",
SLAB,Inside Man,2006,R,129 min,"Crime, Drama, Mystery","88,513,495"
HKPW,Dunkirk,2017,UA,106 min,"Action, Drama, History","188,373,161"
HRNT,"Planes, Trains & Automobiles",1987,U,93 min,"Comedy, Drama","49,530,280"
DQVM,Batman: Mask of the Phantasm,1993,PG,76 min,"Animation, Action, Crime","5,617,391"
CUKO,The Magnificent Seven,1960,Approved,128 min,"Action, Adventure, Western","4,905,000"
EJOD,Saw,2004,UA,103 min,"Horror, Mystery, Thriller","56,000,369"
SFMI,Spider-Man: Into the Spider-Verse,2018,U,117 min,"Animation, Action, Adventure","190,241,310"
WIDL,Die Welle,2008,,107 min,"Drama, Thriller",
RBJG,Oldeuboi,2003,A,101 min,"Action, Drama, Mystery","707,481"
JNDT,Gilda,1946,Approved,110 min,"Drama, Film-Noir, Romance",
XZWH,Cidade de Deus,2002,A,130 min,"Crime, Drama","7,563,397"
LZPV,Spotlight,2015,A,129 min,"Biography, Crime, Drama","45,055,776"
UOBE,Dr. Strangelove or: How I Learned to Stop Worrying and Love the Bomb,1964,A,95 min,Comedy,"275,902"
NIBA,Slumdog Millionaire,2008,UA,120 min,"Drama, Romance","141,319,928"
HZZC,The Boondock Saints,1999,R,108 min,"Action, Crime, Thriller","25,812"
ARJC,Duck Soup,1933,,69 min,"Comedy, Musical, War",
WXDT,The Muppet Movie,1979,U,95 min,"Adventure, Comedy, Family","76,657,000"
IEXO,Training Day,2001,A,122 min,"Crime, Drama, Thriller","76,631,907"
YIXN,The Grand Budapest Hotel,2014,UA,99 min,"Adventure, Comedy, Crime","59,100,318"
EAWD,Judgment at Nuremberg,1961,A,179 min,"Drama, War",
UNUJ,Requiem for a Dream,2000,A,102 min,Drama,"3,635,482"
VFJG,The Prestige,2006,U,130 min,"Drama, Mystery, Sci-Fi","53,089,891"
GLBU,End of Watch,2012,A,109 min,"Action, Crime, Drama","41,003,371"
HFUM,Kaze tachinu,2013,PG-13,126 min,"Animation, Biography, Drama","5,209,580"
SQHR,Leviafan,2014,R,140 min,"Crime, Drama","1,092,800"
EQWZ,Zwartboek,2006,R,145 min,"Drama, Thriller, War","4,398,392"
BXHY,Butch Cassidy and the Sundance Kid,1969,PG,110 min,"Biography, Crime, Drama","102,308,889"
FZRG,Creed,2015,A,133 min,"Drama, Sport","109,767,581"
PSSS,Harvey,1950,Approved,104 min,"Comedy, Drama, Fantasy",
SGBF,Sherlock Holmes,2009,PG-13,128 min,"Action, Adventure, Mystery","209,028,679"
OHXP,Nefes: Vatan Sagolsun,2009,,128 min,"Action, Drama, Thriller",
IFWT,Les triplettes de Belleville,2003,PG-13,80 min,"Animation, Comedy, Drama","7,002,255"
VECC,Shichinin no samurai,1954,U,207 min,"Action, Adventure, Drama","269,061"
BNAZ,Million Dollar Baby,2004,UA,132 min,"Drama, Sport","100,492,203"
YYLN,Ben-Hur,1959,U,212 min,"Adventure, Drama, History","74,700,000"
EBFZ,The Day of the Jackal,1973,A,143 min,"Crime, Drama, Thriller","16,056,255"
ZQAY,Full Metal Jacket,1987,UA,116 min,"Drama, War","46,357,676"
VOZE,Kelly's Heroes,1970,GP,144 min,"Adventure, Comedy, War","1,378,435"
IFIA,Moneyball,2011,PG-13,133 min,"Biography, Drama, Sport","75,605,492"
XMDW,Peeping Tom,1960,,101 min,"Drama, Horror, Thriller","83,957"
ARAH,Platoon,1986,A,120 min,"Drama, War","138,530,565"
YKLF,Terminator 2: Judgment Day,1991,U,137 min,"Action, Sci-Fi","204,843,350"
CCBG,Kakushi-toride no san-akunin,1958,,139 min,"Adventure, Drama",
GZXU,Magnolia,1999,R,188 min,Drama,"22,455,976"
KKFN,Persona,1966,,85 min,"Drama, Thriller",
LOGF,Lilja 4-ever,2002,R,109 min,"Crime, Drama","181,655"
JMDS,Mississippi Burning,1988,A,128 min,"Crime, Drama, History","34,603,943"
YRTX,Män som hatar kvinnor,2009,R,152 min,"Crime, Drama, Mystery","10,095,170"
XSJP,Drishyam,2013,U,160 min,"Crime, Drama, Thriller",
XVUD,Miracle on 34th Street,1947,,96 min,"Comedy, Drama, Family","2,650,000"
FZMK,No Man's Land,2001,R,98 min,"Comedy, Drama, War","1,059,830"
SPRT,Captain America: Civil War,2016,UA,147 min,"Action, Adventure, Sci-Fi","408,084,349"
OVTQ,The Goonies,1985,U,114 min,"Adventure, Comedy, Family","61,503,218"
IBKD,G.O.R.A.,2004,,127 min,"Adventure, Comedy, Sci-Fi",
VRWX,Blood Diamond,2006,A,143 min,"Adventure, Drama, Thriller","57,366,262"
TUEO,The Man from Earth,2007,,87 min,"Drama, Fantasy, Mystery",
PQEI,The Wild Bunch,1969,A,145 min,"Action, Adventure, Western","12,064,472"
RZQP,District 9,2009,A,112 min,"Action, Sci-Fi, Thriller","115,646,235"
BKXF,Manbiki kazoku,2018,A,121 min,"Crime, Drama","3,313,513"
JYKC,The Incredibles,2004,U,115 min,"Animation, Action, Adventure","261,441,092"
RAGE,Talvar,2015,UA,132 min,"Crime, Drama, Mystery","342,370"
KBZK,Underground,1995,,170 min,"Comedy, Drama, War","171,082"
OLPE,Dev.D,2009,A,144 min,"Drama, Romance","10,950"
BIYD,Clerks,1994,R,92 min,Comedy,"3,151,130"
WXVR,Jules et Jim,1962,,105 min,"Drama, Romance",
QRJX,Kung fu,2004,UA,99 min,"Action, Comedy, Fantasy","17,108,591"
HUCQ,Chung Hing sam lam,1994,U,102 min,"Comedy, Crime, Drama","600,200"
SELB,Road to Perdition,2002,A,117 min,"Crime, Drama, Thriller","104,454,762"
IOWP,Contratiempo,2016,TV-MA,106 min,"Crime, Drama, Mystery",
QTNQ,Hacksaw Ridge,2016,A,139 min,"Biography, Drama, History","67,209,615"
DABP,The Odd Couple,1968,G,105 min,Comedy,"44,527,234"
PSRE,Serenity,2005,PG-13,119 min,"Action, Adventure, Sci-Fi","25,514,517"
JKVP,Andrei Rublev,1966,R,205 min,"Biography, Drama, History","102,021"
MZRI,Mustang,2015,PG-13,97 min,Drama,"845,464"
WZKC,Madeo,2009,R,129 min,"Crime, Drama, Mystery","547,292"
YXGI,Dog Day Afternoon,1975,U,125 min,"Biography, Crime, Drama","50,000,000"
OAMT,Brief Encounter,1945,U,86 min,"Drama, Romance",
GLRJ,"South Park: Bigger, Longer & Uncut",1999,A,81 min,"Animation, Comedy, Fantasy","52,037,603"
EVOS,The Wizard of Oz,1939,U,102 min,"Adventure, Family, Fantasy","2,076,020"
JHVI,Zombieland,2009,A,88 min,"Adventure, Comedy, Fantasy","75,590,286"
GDTG,Lawrence of Arabia,1962,U,228 min,"Adventure, Biography, Drama","44,824,144"
BLIZ,The Bridges of Madison County,1995,A,135 min,"Drama, Romance","71,516,617"
BNCQ,Key Largo,1948,,100 min,"Action, Crime, Drama",
HAKT,The Hustler,1961,A,134 min,"Drama, Sport","8,284,000"
IOBP,The Godfather,1972,A,175 min,"Crime, Drama","134,966,411"
EABF,M - Eine Stadt sucht einen Mörder,1931,Passed,117 min,"Crime, Mystery, Thriller","28,877"
IYLI,Do lok tin si,1995,UA,99 min,"Comedy, Crime, Drama",
HNZU,Nueve reinas,2000,R,114 min,"Crime, Drama, Thriller","1,221,261"
UOLD,Fa yeung nin wah,2000,U,98 min,"Drama, Romance","2,734,044"
LFIO,Sleepers,1996,UA,147 min,"Crime, Drama, Thriller","49,100,000"
TVKR,Boyz n the Hood,1991,A,112 min,"Crime, Drama","57,504,069"
NLKF,Zerkalo,1975,G,107 min,"Biography, Drama","177,345"
RIOM,Casino Royale,2006,PG-13,144 min,"Action, Adventure, Thriller","167,445,960"
YORF,Sherlock Jr.,1924,Passed,45 min,"Action, Comedy, Romance","977,375"
EBYV,Atonement,2007,R,123 min,"Drama, Mystery, Romance","50,927,067"
FRJX,The Hangover,2009,UA,100 min,Comedy,"277,322,503"
TXAM,Harry Potter and the Deathly Hallows: Part 2,2011,UA,130 min,"Adventure, Drama, Fantasy","381,011,219"
TAEY,Y tu mamá también,2001,A,106 min,Drama,"13,622,333"
QBIQ,A Christmas Story,1983,U,93 min,"Comedy, Family","20,605,209"
WSYR,Empire of the Sun,1987,U,153 min,"Action, Drama, History","22,238,696"
TPEY,Modern Times,1936,G,87 min,"Comedy, Drama, Family","163,245"
WOUW,Todo sobre mi madre,1999,R,101 min,Drama,"8,264,530"
XDCD,Interstellar,2014,UA,169 min,"Adventure, Drama, Sci-Fi","188,020,017"
DWIU,Young Frankenstein,1974,A,106 min,Comedy,"86,300,000"
QKDM,Ladri di biciclette,1948,,89 min,Drama,"332,930"
TCAD,Donnie Darko,2001,R,113 min,"Drama, Mystery, Sci-Fi","1,480,006"
PBJM,All Quiet on the Western Front,1930,U,152 min,"Drama, War","3,270,000"
ADNU,Der Untergang,2004,R,156 min,"Biography, Drama, History","5,509,040"
HPTU,Babam ve Oglum,2005,,112 min,"Drama, Family",
POJU,Fanny och Alexander,1982,A,188 min,Drama,"4,971,340"
QSHW,Vivre sa vie: Film en douze tableaux,1962,,80 min,Drama,
ALQC,This Is Spinal Tap,1984,R,82 min,"Comedy, Music","188,751"
GQFE,The Pursuit of Happyness,2006,U,117 min,"Biography, Drama","163,566,459"
YMTS,The Lord of the Rings: The Two Towers,2002,UA,179 min,"Action, Adventure, Drama","342,551,365"
TLDZ,Hiroshima mon amour,1959,,90 min,"Drama, Romance","88,300"
LOBJ,Der Name der Rose,1986,R,130 min,"Crime, Drama, Mystery","7,153,487"
DJSE,Prisoners,2013,A,153 min,"Crime, Drama, Mystery","61,002,302"
XRTU,Searching,2018,U/A,102 min,"Drama, Mystery, Thriller","26,020,957"
GDZW,Pride,2014,R,119 min,"Biography, Comedy, Drama",
HAJR,300,2006,A,117 min,"Action, Drama","210,614,939"
XIAN,Network,1976,UA,121 min,Drama,
KPGV,The Color Purple,1985,U,154 min,Drama,"98,467,863"
PKBF,Kai po che!,2013,U,130 min,"Drama, Sport","1,122,527"
CGZI,La piel que habito,2011,R,120 min,"Drama, Horror, Thriller","3,185,812"
USDZ,Incredibles 2,2018,UA,118 min,"Animation, Action, Adventure","608,581,744"
QPXJ,La Grande Illusion,1937,,113 min,"Drama, War","172,885"
GENM,Toy Story 4,2019,U,100 min,"Animation, Adventure, Comedy","434,038,008"
DTTB,The Third Man,1949,Approved,104 min,"Film-Noir, Mystery, Thriller","449,191"
WXXJ,Veer-Zaara,2004,U,192 min,"Drama, Family, Musical","2,921,738"
NFDX,Kill Bill: Vol. 1,2003,R,111 min,"Action, Crime, Drama","70,099,045"
TPRU,Enemy at the Gates,2001,A,131 min,"Drama, History, War","51,401,758"
DJJD,Das Boot,1981,R,149 min,"Adventure, Drama, Thriller","11,487,676"
HEPW,Sense and Sensibility,1995,U,136 min,"Drama, Romance","43,182,776"
SGNK,The Lost Weekend,1945,Passed,101 min,"Drama, Film-Noir","9,460,000"
NYMX,The Intouchables,2011,UA,112 min,"Biography, Comedy, Drama","13,182,281"
ZMPO,Willy Wonka & the Chocolate Factory,1971,U,100 min,"Family, Fantasy, Musical","4,000,000"
APYA,La Strada,1954,,108 min,Drama,
JCPZ,Tumbbad,2018,A,104 min,"Drama, Fantasy, Horror",
TZJX,Soorarai Pottru,2020,U,153 min,Drama,
MPEU,Gandhi,1982,U,191 min,"Biography, Drama, History","52,767,889"
VEPA,Stand by Me,1986,U,89 min,"Adventure, Drama","52,287,414"
XXBC,Dilwale Dulhania Le Jayenge,1995,U,189 min,"Drama, Romance",
AQMN,Vizontele,2001,,110 min,"Comedy, Drama",
BWAZ,Titanic,1997,UA,194 min,"Drama, Romance","659,325,379"
CTKB,Once Upon a Time... in Hollywood,2019,A,161 min,"Comedy, Drama","142,502,728"
NULP,Serbuan maut,2011,A,101 min,"Action, Thriller","4,105,123"
ARLH,Little Miss Sunshine,2006,UA,101 min,"Comedy, Drama","59,891,098"
JLVX,What Ever Happened to Baby Jane?,1962,Passed,134 min,"Drama, Horror, Thriller","4,050,000"
QAGH,Remember the Titans,2000,U,113 min,"Biography, Drama, Sport","115,654,751"
GTQZ,Star Wars,1977,UA,121 min,"Action, Adventure, Fantasy","322,740,140"
DVJA,Dangal,2016,U,161 min,"Action, Biography, Drama","12,391,761"
CFGX,La dolce vita,1960,A,174 min,"Comedy, Drama","19,516,000"
VFAY,"Shin seiki Evangelion Gekijô-ban: Air/Magokoro wo, kimi ni",1997,UA,87 min,"Animation, Action, Drama",
YQOQ,All That Jazz,1979,A,123 min,"Drama, Music, Musical","37,823,676"
XHOZ,Hævnen,2010,R,118 min,"Drama, Romance","1,008,098"
LWHS,Kill Bill: Vol. 2,2004,A,137 min,"Action, Crime, Thriller","66,208,183"
IMXI,Bride of Frankenstein,1935,,75 min,"Drama, Horror, Sci-Fi","4,360,000"
ZTRV,October Sky,1999,PG,108 min,"Biography, Drama, Family","32,481,825"
VGOI,Papurika,2006,U,90 min,"Animation, Drama, Fantasy","881,302"
LXGX,Twelve Monkeys,1995,A,129 min,"Mystery, Sci-Fi, Thriller","57,141,459"
EHDG,The Outlaw Josey Wales,1976,A,135 min,Western,"31,800,000"
COBI,Rashômon,1950,,88 min,"Crime, Drama, Mystery","96,568"
WJTJ,Tonari no Totoro,1988,U,86 min,"Animation, Family, Fantasy","1,105,564"
GTUX,The Bourne Identity,2002,UA,119 min,"Action, Mystery, Thriller","121,661,683"
GVOM,La La Land,2016,A,128 min,"Comedy, Drama, Music","151,101,803"
WCCG,Cowboy Bebop: Tengoku no tobira,2001,U,115 min,"Animation, Action, Crime","1,000,045"
VGPW,Dances with Wolves,1990,U,181 min,"Adventure, Drama, Western","184,208,848"
PTZW,Tôkyô monogatari,1953,U,136 min,Drama,
ZGMY,La vie d'Adèle,2013,A,180 min,"Drama, Romance","2,199,675"
FCKQ,What's Eating Gilbert Grape,1993,U,118 min,Drama,"9,170,214"
OZUL,Kaguyahime no monogatari,2013,U,137 min,"Animation, Adventure, Drama","1,506,975"
TBEG,The Day the Earth Stood Still,1951,U,92 min,"Drama, Sci-Fi",
LRHN,Papillon,1973,R,151 min,"Biography, Crime, Drama","53,267,000"
FUQU,Hotel Rwanda,2004,PG-13,121 min,"Biography, Drama, History","23,530,892"
ONJA,The Broken Circle Breakdown,2012,,111 min,"Drama, Music, Romance","175,058"
DVZQ,The Lion in Winter,1968,PG,134 min,"Biography, Drama, History","22,276,975"
ETPV,Mar adentro,2014,U,126 min,"Biography, Drama","2,086,345"
NEXH,The Artist,2011,U,100 min,"Comedy, Drama, Romance","44,671,682"
OYGR,Incendies,2010,R,131 min,"Drama, Mystery, War","6,857,096"
TKHQ,Miller's Crossing,1990,R,115 min,"Crime, Drama, Thriller","5,080,409"
KWUX,The Great Dictator,1940,Passed,125 min,"Comedy, Drama, War","288,475"
BACZ,Le dîner de cons,1998,PG-13,80 min,Comedy,"4,065,116"
GVUE,Capharnaüm,2018,A,126 min,Drama,"1,661,096"
PJCK,Koe no katachi,2016,16,130 min,"Animation, Drama, Family",
FUPZ,City Lights,1931,G,87 min,"Comedy, Drama, Romance","19,181"
EQAS,Donnie Brasco,1997,A,127 min,"Biography, Crime, Drama","41,909,762"
HCDL,Le passé,2013,PG-13,130 min,"Drama, Mystery","1,330,596"
XYGY,Bom Yeoareum Gaeul Gyeoul Geurigo Bom,2003,R,103 min,"Drama, Romance","2,380,788"
YIYG,Kis Uykusu,2014,,196 min,Drama,"165,520"
DUQH,Up,2009,U,96 min,"Animation, Adventure, Comedy","293,004,164"
VMAO,Fried Green Tomatoes,1991,PG-13,130 min,Drama,"82,418,501"
ROJD,La vita è bella,1997,U,116 min,"Comedy, Drama, Romance","57,598,247"
GTFE,Dark City,1998,A,100 min,"Mystery, Sci-Fi, Thriller","14,378,331"
LMBG,Wind River,2017,R,107 min,"Crime, Drama, Mystery","33,800,859"
DWBL,Låt den rätte komma in,2008,R,114 min,"Crime, Drama, Fantasy","2,122,065"
SPWS,Pâfekuto burû,1997,A,81 min,"Animation, Crime, Mystery","776,665"
PAID,Chugyeokja,2008,,125 min,"Action, Crime, Thriller",
YYCU,1917,2019,R,119 min,"Drama, Thriller, War","159,227,644"
GICN,Ex Machina,2014,UA,108 min,"Drama, Sci-Fi, Thriller","25,442,958"
MHXY,Rush,2013,UA,123 min,"Action, Biography, Drama","26,947,624"
BVTW,The Dark Knight,2008,UA,152 min,"Action, Crime, Drama","534,858,444"
MRDK,The Godfather: Part III,1990,A,162 min,"Crime, Drama","66,666,062"
TYOQ,Coraline,2009,U,100 min,"Animation, Drama, Family","75,286,229"
AODA,Pride & Prejudice,2005,PG,129 min,"Drama, Romance","38,405,088"
JJTW,Gone Baby Gone,2007,R,114 min,"Crime, Drama, Mystery","20,300,218"
YVGJ,Avengers: Endgame,2019,UA,181 min,"Action, Adventure, Drama","858,373,000"
LVNW,E.T. the Extra-Terrestrial,1982,U,115 min,"Family, Sci-Fi","435,110,554"
PUNA,Dead Man's Shoes,2004,,90 min,"Crime, Drama, Thriller","6,013"
MDOY,Kind Hearts and Coronets,1949,U,106 min,"Comedy, Crime",
FCIY,Fargo,1996,A,98 min,"Crime, Drama, Thriller","24,611,975"
BHKT,"Lock, Stock and Two Smoking Barrels",1998,A,107 min,"Action, Comedy, Crime","3,897,569"
IZTU,Zindagi Na Milegi Dobara,2011,U,155 min,"Comedy, Drama","3,108,485"
TBEV,"4 luni, 3 saptamâni si 2 zile",2007,,113 min,Drama,"1,185,783"
GNVM,About Time,2013,R,123 min,"Comedy, Drama, Fantasy","15,322,921"
VKFO,Halloween,1978,A,91 min,"Horror, Thriller","47,000,000"
ZOXL,The Invisible Man,1933,TV-PG,71 min,"Horror, Sci-Fi",
IRWA,Evil Dead II,1987,A,84 min,"Action, Comedy, Fantasy","5,923,044"
DILT,Die Hard,1988,A,132 min,"Action, Thriller","83,008,852"
ULZH,Loving Vincent,2017,UA,94 min,"Animation, Biography, Crime","6,735,118"
QJUM,À bout de souffle,1960,U,90 min,"Crime, Drama","336,705"
YJUT,Scarface: The Shame of the Nation,1932,PG,93 min,"Action, Crime, Drama",
RWTJ,In the Heat of the Night,1967,U,110 min,"Crime, Drama, Mystery","24,379,978"
DOQA,Ed Wood,1994,U,127 min,"Biography, Comedy, Drama","5,887,457"
AWEI,Lifeboat,1944,,97 min,"Drama, War",
CNDH,It's a Wonderful Life,1946,PG,130 min,"Drama, Family, Fantasy",
CPHB,Das Experiment,2001,R,120 min,"Drama, Thriller","141,072"
ANPP,Trois couleurs: Blanc,1994,U,92 min,"Comedy, Drama, Romance","1,464,625"
JAHA,Yeopgijeogin geunyeo,2001,,137 min,"Comedy, Drama, Romance",
RMUH,A Bronx Tale,1993,R,121 min,"Crime, Drama, Romance","17,266,971"
EHWX,Beasts of No Nation,2015,,137 min,"Drama, War","83,861"
QSZP,Gone with the Wind,1939,U,238 min,"Drama, History, Romance","198,676,459"
YGKI,King Kong,1933,Passed,100 min,"Adventure, Horror, Sci-Fi","10,000,000"
CSJX,Dà hóng denglong gaogao guà,1991,PG,125 min,"Drama, History, Romance","2,603,061"
OMHZ,Diarios de motocicleta,2004,U,126 min,"Adventure, Biography, Drama","16,756,372"
JURZ,Star Wars: Episode VI - Return of the Jedi,1983,U,131 min,"Action, Adventure, Fantasy","309,125,409"
ASSC,The World's Fastest Indian,2005,U,127 min,"Biography, Drama, Sport","5,128,124"
LHMZ,Eastern Promises,2007,R,100 min,"Action, Crime, Drama","17,114,882"
DGHA,The Machinist,2004,R,101 min,"Drama, Thriller","1,082,715"
OLZB,Forushande,2016,UA,124 min,Drama,"2,402,067"
WMCK,Vozvrashchenie,2003,,110 min,Drama,"502,028"
XCCB,Glengarry Glen Ross,1992,R,100 min,"Crime, Drama, Mystery","10,725,228"
ZNVM,The Imitation Game,2014,UA,114 min,"Biography, Drama, Thriller","91,125,683"
MQOM,Who Framed Roger Rabbit,1988,U,104 min,"Animation, Adventure, Comedy","156,452,370"
FLTS,Captain America: The Winter Soldier,2014,UA,136 min,"Action, Adventure, Sci-Fi","259,766,572"
KOJF,The Lord of the Rings: The Return of the King,2003,U,201 min,"Action, Adventure, Drama","377,845,905"
RMMW,The Killing Fields,1984,UA,141 min,"Biography, Drama, History","34,700,291"
PESG,The Remains of the Day,1993,U,134 min,"Drama, Romance","22,954,968"
SVOT,Ocean's Eleven,2001,UA,116 min,"Crime, Thriller","183,417,150"
WQMF,Birdman or (The Unexpected Virtue of Ignorance),2014,A,119 min,"Comedy, Drama","42,340,598"
XJKU,The Blind Side,2009,UA,129 min,"Biography, Drama, Sport","255,959,475"
SRDX,The Theory of Everything,2014,U,123 min,"Biography, Drama, Romance","35,893,537"
GYCD,Seppuku,1962,,133 min,"Action, Drama, Mystery",
XXIM,Wait Until Dark,1967,,108 min,Thriller,"17,550,741"
XQYJ,Mou gaan dou,2002,UA,101 min,"Action, Crime, Drama","169,659"
LXVB,Hable con ella,2002,R,112 min,"Drama, Mystery, Romance","9,284,265"
NGZS,Letters from Iwo Jima,2006,UA,141 min,"Action, Adventure, Drama","13,756,082"
PEAR,Rosemary's Baby,1968,A,137 min,"Drama, Horror",
JBWN,Breakfast at Tiffany's,1961,A,115 min,"Comedy, Drama, Romance",
NGCM,A Little Princess,1995,U,97 min,"Drama, Family, Fantasy","10,019,307"
EGLI,As Good as It Gets,1997,A,139 min,"Comedy, Drama, Romance","148,478,011"
UMDA,High Noon,1952,PG,85 min,"Drama, Thriller, Western","9,450,000"
ZMEW,Deadpool 2,2018,R,119 min,"Action, Adventure, Comedy","324,591,735"
KEIK,Boogie Nights,1997,R,155 min,Drama,"26,400,640"
XKEG,Hell or High Water,2016,R,102 min,"Action, Crime, Drama","26,862,450"
MSKC,The Ten Commandments,1956,U,220 min,"Adventure, Drama","93,740,000"
ZFFW,The King of Comedy,1982,U,109 min,"Comedy, Crime, Drama","2,500,000"
UNTN,American Psycho,2000,A,101 min,"Comedy, Crime, Drama","15,070,285"
AHGV,Almost Famous,2000,A,122 min,"Adventure, Comedy, Drama","32,534,850"
OBKT,Special Chabbis,2013,UA,144 min,"Crime, Drama, Thriller","1,079,369"
EYBU,The Long Goodbye,1973,A,112 min,"Comedy, Crime, Drama","959,000"
BMBB,Philadelphia,1993,UA,125 min,Drama,"77,324,422"
UQWF,Black,2005,U,122 min,Drama,"733,094"
ITQT,Zodiac,2007,UA,157 min,"Crime, Drama, Mystery","33,080,084"
IUYQ,I Am Sam,2001,PG-13,132 min,Drama,"40,311,852"
JRKT,Der Himmel über Berlin,1987,U,128 min,"Drama, Fantasy, Romance","3,333,969"
XJGG,Wo hu cang long,2000,UA,120 min,"Action, Adventure, Fantasy","128,078,872"
PVIC,Star Trek II: The Wrath of Khan,1982,U,113 min,"Action, Adventure, Sci-Fi","78,912,963"
IJLX,Trainspotting,1996,A,93 min,Drama,"16,501,785"
BMYD,The Man Who Shot Liberty Valance,1962,,123 min,"Drama, Western",
EASF,Blood Simple,1984,A,99 min,"Crime, Drama, Thriller","2,150,000"
UOMK,Jeux d'enfants,2003,R,93 min,"Comedy, Drama, Romance","548,707"
SNIW,Taare Zameen Par,2007,U,165 min,"Drama, Family","1,223,869"
EOAB,Pulp Fiction,1994,A,154 min,"Crime, Drama","107,928,762"
QHNW,The Straight Story,1999,U,112 min,"Biography, Drama","6,203,044"
XYAI,Kurenai no buta,1992,U,94 min,"Animation, Adventure, Comedy",
WEDX,The Fault in Our Stars,2014,UA,126 min,"Drama, Romance","124,872,350"
BNIO,Bohemian Rhapsody,2018,UA,134 min,"Biography, Drama, Music","216,428,042"
RGBK,Midnight Express,1978,A,121 min,"Biography, Crime, Drama","35,000,000"
GEKR,Dom za vesanje,1988,R,142 min,"Comedy, Crime, Drama","280,015"
RUFA,Mulholland Dr.,2001,R,147 min,"Drama, Mystery, Thriller","7,220,243"
LUXB,Celda 211,2009,,113 min,"Action, Adventure, Crime",
BCMU,A Wednesday,2008,UA,104 min,"Action, Crime, Drama",
KTVX,The Man Who Would Be King,1975,PG,129 min,"Adventure, History, War",
RGPA,Watchmen,2009,A,162 min,"Action, Drama, Mystery","107,509,799"
ZAYD,Adams æbler,2005,R,94 min,"Comedy, Crime, Drama","1,305"
XIYJ,Sunset Blvd.,1950,Passed,110 min,"Drama, Film-Noir",
RDPU,Changeling,2008,R,141 min,"Biography, Crime, Drama","35,739,802"
PGWC,OMG: Oh My God!,2012,U,125 min,"Comedy, Drama, Fantasy","923,221"
HXOA,Auf der anderen Seite,2007,,122 min,Drama,"741,283"
PQUB,"Synecdoche, New York",2008,R,124 min,Drama,"3,081,925"
SIVZ,Badlands,1973,PG,94 min,"Action, Crime, Drama",
ZQUZ,Guardians of the Galaxy,2014,UA,121 min,"Action, Adventure, Comedy","333,176,600"
KTLD,Blue Velvet,1986,A,120 min,"Drama, Mystery, Thriller","8,551,228"
TCDV,Omohide poro poro,1991,U,118 min,"Animation, Drama, Romance","453,243"
TSZZ,The Fifth Element,1997,UA,126 min,"Action, Adventure, Sci-Fi","63,540,020"
XNCG,Mimi wo sumaseba,1995,U,111 min,"Animation, Drama, Family",
BPLM,Scent of a Woman,1992,UA,156 min,Drama,"63,895,607"
TAZL,La grande bellezza,2013,,141 min,Drama,"2,852,400"
PDLC,The Florida Project,2017,A,111 min,Drama,"5,904,366"
IXOP,The Bridge on the River Kwai,1957,PG,161 min,"Adventure, Drama, War","44,908,000"
YPCF,Dead Man,1995,R,121 min,"Adventure, Drama, Fantasy","1,037,847"
IIXQ,Kingsman: The Secret Service,2014,A,129 min,"Action, Adventure, Comedy","128,261,724"
SXYG,Gattaca,1997,UA,106 min,"Drama, Sci-Fi, Thriller","12,339,633"
DTBJ,"I, Daniel Blake",2016,UA,100 min,Drama,"258,168"
AMII,The Elephant Man,1980,UA,124 min,"Biography, Drama",
HTUH,The Sixth Sense,1999,A,107 min,"Drama, Mystery, Thriller","293,506,292"
BFDA,The Sound of Music,1965,U,172 min,"Biography, Drama, Family","163,214,286"
TNST,Escape from Alcatraz,1979,A,112 min,"Action, Biography, Crime","43,000,000"
FRHC,The Grapes of Wrath,1940,Passed,129 min,"Drama, History","55,000"
CVPH,The Notebook,2004,A,123 min,"Drama, Romance","81,001,787"
GUJC,Back to the Future Part II,1989,U,108 min,"Adventure, Comedy, Sci-Fi","118,500,000"
WASM,Days of Heaven,1978,PG,94 min,"Drama, Romance",
XZNR,Pink Floyd: The Wall,1982,UA,95 min,"Drama, Fantasy, Music","22,244,207"
HAZA,Love and Death,1975,PG,85 min,"Comedy, War",
UAPX,Bir Zamanlar Anadolu'da,2011,,157 min,"Crime, Drama","138,730"
FOTC,Gangs of Wasseypur,2012,A,321 min,"Action, Comedy, Crime",
SSFZ,The Others,2001,PG-13,101 min,"Horror, Mystery, Thriller","96,522,687"
TEGH,The Lion King,1994,U,88 min,"Animation, Adventure, Drama","422,783,777"
PKXR,Bajrangi Bhaijaan,2015,UA,163 min,"Action, Adventure, Comedy","8,178,001"
EETS,Hotaru no haka,1988,U,89 min,"Animation, Drama, War",
FWVN,Mad Max: Fury Road,2015,UA,120 min,"Action, Adventure, Sci-Fi","154,058,340"
ULKX,The Trial of the Chicago 7,2020,R,129 min,"Drama, History, Thriller",
FNCN,Strangers on a Train,1951,A,101 min,"Crime, Film-Noir, Thriller","7,630,000"
POEB,The Hateful Eight,2015,A,168 min,"Crime, Drama, Mystery","54,117,416"
UVJQ,Saving Private Ryan,1998,R,169 min,"Drama, War","216,540,909"
NUJA,The Nightmare Before Christmas,1993,U,76 min,"Animation, Family, Fantasy","75,082,668"
LPJO,The Adventures of Robin Hood,1938,PG,102 min,"Action, Adventure, Romance","3,981,000"
IHAY,Kal Ho Naa Ho,2003,U,186 min,"Comedy, Drama, Musical","1,787,378"
IAKY,28 Days Later...,2002,A,113 min,"Drama, Horror, Sci-Fi","45,064,915"
UZMW,Unforgiven,1992,A,130 min,"Drama, Western","101,157,447"
HFLQ,This Is England,2006,,101 min,"Crime, Drama","327,919"
SYKG,Ghostbusters,1984,UA,105 min,"Action, Comedy, Fantasy","238,632,124"
ONVD,Mr. Nobody,2009,R,141 min,"Drama, Fantasy, Romance","3,600"
RJWL,Salinui chueok,2003,UA,131 min,"Crime, Drama, Mystery","14,131"
KILH,Cast Away,2000,UA,143 min,"Adventure, Drama, Romance","233,632,142"
SHFT,Lion,2016,U,118 min,"Biography, Drama","51,739,495"
IAUR,Akira,1988,UA,124 min,"Animation, Action, Sci-Fi","553,171"
FVNM,The Graduate,1967,A,106 min,"Comedy, Drama, Romance","104,945,305"
FZIF,Miracle in cell NO.7,2019,TV-14,132 min,Drama,
VPSQ,Trois couleurs: Bleu,1993,U,94 min,"Drama, Music, Mystery","1,324,974"
WFFB,A Hard Day's Night,1964,U,87 min,"Comedy, Music, Musical","13,780,024"
ZKEI,Ford v Ferrari,2019,UA,152 min,"Action, Biography, Drama","117,624,028"
NLMZ,Queen,2013,UA,146 min,"Adventure, Comedy, Drama","1,429,534"
